timestamp,node_ip,container_id,container_name,cpu_cores,memory_mb,rx_bytes_per_sec,tx_bytes_per_sec
2025-06-12T09:44:53.029679,10.160.0.21,/system.slic,my-app_authentication.5.rpukeqpnilb3w172i23s98jv6,0.004006,83.12,0.0,0.0
2025-06-12T09:44:53.029679,10.160.0.21,/system.slic,my-app_authentication.1.oaraf21dy3hvpvi29941cft3j,0.004424,84.13,0.0,0.0
2025-06-12T09:44:54.556369,10.160.0.21,/system.slic,my-app_authentication.8.ps2doeep3ayo9zf75jhagczw7,0.002524,83.0,0.0,0.0
2025-06-12T09:44:54.556369,10.160.0.21,/system.slic,my-app_authentication.3.b1no8yh118rat22ohku21sxou,0.002703,87.22,0.0,0.0
2025-06-12T09:44:56.082326,10.160.0.21,/system.slic,my-app_authentication.7.10tjlk6zlunm03mtwkq7dcmfz,0.006981,84.93,0.0,0.0
2025-06-12T09:44:56.082326,10.160.0.21,/system.slic,my-app_authentication.9.0kj2agmiam5t4tb4l1eyrruyf,0.004261,83.0,0.0,0.0
2025-06-12T09:44:58.596795,10.160.0.21,/system.slic,my-app_authentication.4.orb90t7u6w651nm98v9wm54bz,0.002785,83.41,0.0,0.0
2025-06-12T09:44:58.596795,10.160.0.21,/system.slic,my-app_authentication.2.te2jk7otj43ra9zh2v0po8axv,0.003841,85.37,0.0,0.0
2025-06-12T09:45:00.116829,10.160.0.21,/system.slic,my-app_authentication.6.yzl0bbqwi8kzwjexyceay2mqv,0.004025,92.25,84.0,0.0
2025-06-12T09:45:01.633401,10.160.0.21,/system.slic,my-app_authentication.10.czgcf8ctmyip0po60jf0qzzac,0.007994,89.06,126.0,0.0
2025-06-12T09:45:04.668637,10.160.0.21,/system.slic,my-app_authentication.5.rpukeqpnilb3w172i23s98jv6,0.005629,83.12,0.0,0.0
2025-06-12T09:45:04.668637,10.160.0.21,/system.slic,my-app_authentication.1.oaraf21dy3hvpvi29941cft3j,0.005585,83.88,0.0,0.0
2025-06-12T09:45:06.192952,10.160.0.21,/system.slic,my-app_authentication.8.ps2doeep3ayo9zf75jhagczw7,0.00642,83.0,0.0,0.0
2025-06-12T09:45:06.192952,10.160.0.21,/system.slic,my-app_authentication.3.b1no8yh118rat22ohku21sxou,0.00533,87.22,0.0,0.0
2025-06-12T09:45:07.719151,10.160.0.21,/system.slic,my-app_authentication.7.10tjlk6zlunm03mtwkq7dcmfz,0.006449,84.93,0.0,0.0
2025-06-12T09:45:07.719151,10.160.0.21,/system.slic,my-app_authentication.9.0kj2agmiam5t4tb4l1eyrruyf,0.003015,83.0,0.0,0.0
2025-06-12T09:45:10.235927,10.160.0.21,/system.slic,my-app_authentication.4.orb90t7u6w651nm98v9wm54bz,0.005584,83.41,0.0,0.0
2025-06-12T09:45:10.235927,10.160.0.21,/system.slic,my-app_authentication.2.te2jk7otj43ra9zh2v0po8axv,0.005039,85.37,0.0,0.0
2025-06-12T09:45:11.754421,10.160.0.21,/system.slic,my-app_authentication.6.yzl0bbqwi8kzwjexyceay2mqv,0.008251,92.25,126.0,0.0
2025-06-12T09:45:13.271452,10.160.0.21,/system.slic,my-app_authentication.10.czgcf8ctmyip0po60jf0qzzac,0.006209,89.06,42.0,0.0
2025-06-12T09:45:16.311128,10.160.0.21,/system.slic,my-app_authentication.5.rpukeqpnilb3w172i23s98jv6,0.006194,83.12,0.0,0.0
2025-06-12T09:45:16.311128,10.160.0.21,/system.slic,my-app_authentication.1.oaraf21dy3hvpvi29941cft3j,0.006525,83.88,0.0,0.0
2025-06-12T09:45:17.860561,10.160.0.21,/system.slic,my-app_authentication.8.ps2doeep3ayo9zf75jhagczw7,0.003725,83.0,0.0,0.0
2025-06-12T09:45:17.860561,10.160.0.21,/system.slic,my-app_authentication.3.b1no8yh118rat22ohku21sxou,0.005675,87.22,0.0,0.0
2025-06-12T09:45:19.383579,10.160.0.21,/system.slic,my-app_authentication.7.10tjlk6zlunm03mtwkq7dcmfz,0.003959,85.18,0.0,0.0
2025-06-12T09:45:19.383579,10.160.0.21,/system.slic,my-app_authentication.9.0kj2agmiam5t4tb4l1eyrruyf,0.006248,83.0,0.0,0.0
2025-06-12T09:45:21.901678,10.160.0.21,/system.slic,my-app_authentication.4.orb90t7u6w651nm98v9wm54bz,0.004058,83.41,379.0,66.0
2025-06-12T09:45:21.901678,10.160.0.21,/system.slic,my-app_authentication.2.te2jk7otj43ra9zh2v0po8axv,0.004324,85.37,379.0,66.0
2025-06-12T09:45:23.419214,10.160.0.21,/system.slic,my-app_authentication.6.yzl0bbqwi8kzwjexyceay2mqv,0.004282,92.25,84.0,0.0
2025-06-12T09:45:24.934708,10.160.0.21,/system.slic,my-app_authentication.10.czgcf8ctmyip0po60jf0qzzac,0.003459,89.06,42.0,0.0
2025-06-12T09:45:27.969181,10.160.0.21,/system.slic,my-app_authentication.5.rpukeqpnilb3w172i23s98jv6,0.006504,83.12,0.0,0.0
2025-06-12T09:45:27.969181,10.160.0.21,/system.slic,my-app_authentication.1.oaraf21dy3hvpvi29941cft3j,0.006457,83.88,0.0,0.0
2025-06-12T09:45:29.489483,10.160.0.21,/system.slic,my-app_authentication.8.ps2doeep3ayo9zf75jhagczw7,0.00272,83.0,0.0,0.0
2025-06-12T09:45:29.489483,10.160.0.21,/system.slic,my-app_authentication.3.b1no8yh118rat22ohku21sxou,0.002868,87.22,0.0,0.0
2025-06-12T09:45:31.012809,10.160.0.21,/system.slic,my-app_authentication.7.10tjlk6zlunm03mtwkq7dcmfz,0.00804,84.93,0.0,0.0
2025-06-12T09:45:31.012809,10.160.0.21,/system.slic,my-app_authentication.9.0kj2agmiam5t4tb4l1eyrruyf,0.005569,83.0,0.0,0.0
2025-06-12T09:45:33.528680,10.160.0.21,/system.slic,my-app_authentication.4.orb90t7u6w651nm98v9wm54bz,0.003267,83.41,0.0,0.0
2025-06-12T09:45:33.528680,10.160.0.21,/system.slic,my-app_authentication.2.te2jk7otj43ra9zh2v0po8axv,0.003198,85.37,0.0,0.0
2025-06-12T09:45:35.045595,10.160.0.21,/system.slic,my-app_authentication.6.yzl0bbqwi8kzwjexyceay2mqv,0.004807,92.25,84.0,0.0
2025-06-12T09:45:36.559109,10.160.0.21,/system.slic,my-app_authentication.10.czgcf8ctmyip0po60jf0qzzac,0.005909,89.06,168.0,0.0
2025-06-12T09:45:39.594803,10.160.0.21,/system.slic,my-app_authentication.5.rpukeqpnilb3w172i23s98jv6,0.004277,83.12,0.0,0.0
2025-06-12T09:45:39.594803,10.160.0.21,/system.slic,my-app_authentication.1.oaraf21dy3hvpvi29941cft3j,0.004051,83.88,0.0,0.0
2025-06-12T09:45:41.115904,10.160.0.21,/system.slic,my-app_authentication.8.ps2doeep3ayo9zf75jhagczw7,0.0024,83.0,0.0,0.0
2025-06-12T09:45:41.115904,10.160.0.21,/system.slic,my-app_authentication.3.b1no8yh118rat22ohku21sxou,0.007073,87.22,1137.0,434.0
2025-06-12T09:45:42.640853,10.160.0.21,/system.slic,my-app_authentication.7.10tjlk6zlunm03mtwkq7dcmfz,0.005972,84.93,0.0,0.0
2025-06-12T09:45:42.640853,10.160.0.21,/system.slic,my-app_authentication.9.0kj2agmiam5t4tb4l1eyrruyf,0.004916,83.0,0.0,0.0
2025-06-12T09:45:45.156327,10.160.0.21,/system.slic,my-app_authentication.4.orb90t7u6w651nm98v9wm54bz,0.007823,83.41,0.0,0.0
2025-06-12T09:45:45.156327,10.160.0.21,/system.slic,my-app_authentication.2.te2jk7otj43ra9zh2v0po8axv,0.006935,85.37,0.0,0.0
2025-06-12T09:45:46.676089,10.160.0.21,/system.slic,my-app_authentication.6.yzl0bbqwi8kzwjexyceay2mqv,0.006996,92.25,84.0,0.0
2025-06-12T09:45:48.189950,10.160.0.21,/system.slic,my-app_authentication.10.czgcf8ctmyip0po60jf0qzzac,0.006354,89.06,168.0,0.0
2025-06-12T09:45:51.232668,10.160.0.21,/system.slic,my-app_authentication.5.rpukeqpnilb3w172i23s98jv6,0.004244,83.12,0.0,0.0
2025-06-12T09:45:51.232668,10.160.0.21,/system.slic,my-app_authentication.1.oaraf21dy3hvpvi29941cft3j,0.006856,83.88,0.0,0.0
2025-06-12T09:45:52.753703,10.160.0.21,/system.slic,my-app_authentication.8.ps2doeep3ayo9zf75jhagczw7,0.00353,83.0,0.0,0.0
2025-06-12T09:45:52.753703,10.160.0.21,/system.slic,my-app_authentication.3.b1no8yh118rat22ohku21sxou,0.006118,87.22,759.0,263.0
2025-06-12T09:45:54.277718,10.160.0.21,/system.slic,my-app_authentication.7.10tjlk6zlunm03mtwkq7dcmfz,0.007787,84.93,0.0,0.0
2025-06-12T09:45:54.277718,10.160.0.21,/system.slic,my-app_authentication.9.0kj2agmiam5t4tb4l1eyrruyf,0.006281,83.0,0.0,0.0
2025-06-12T09:45:56.793422,10.160.0.21,/system.slic,my-app_authentication.4.orb90t7u6w651nm98v9wm54bz,0.004008,83.41,0.0,0.0
2025-06-12T09:45:56.793422,10.160.0.21,/system.slic,my-app_authentication.2.te2jk7otj43ra9zh2v0po8axv,0.003733,85.37,0.0,0.0
2025-06-12T09:45:58.316758,10.160.0.21,/system.slic,my-app_authentication.6.yzl0bbqwi8kzwjexyceay2mqv,0.004083,92.25,232.0,0.0
2025-06-12T09:45:59.835765,10.160.0.21,/system.slic,my-app_authentication.10.czgcf8ctmyip0po60jf0qzzac,0.004197,89.06,84.0,0.0
2025-06-12T09:46:02.871054,10.160.0.21,/system.slic,my-app_authentication.5.rpukeqpnilb3w172i23s98jv6,0.007446,83.12,0.0,0.0
2025-06-12T09:46:02.871054,10.160.0.21,/system.slic,my-app_authentication.1.oaraf21dy3hvpvi29941cft3j,0.007892,84.13,0.0,0.0
2025-06-12T09:46:04.393087,10.160.0.21,/system.slic,my-app_authentication.8.ps2doeep3ayo9zf75jhagczw7,0.002882,83.0,0.0,0.0
2025-06-12T09:46:04.393087,10.160.0.21,/system.slic,my-app_authentication.3.b1no8yh118rat22ohku21sxou,0.003091,87.22,66.0,66.0
2025-06-12T09:46:05.917126,10.160.0.21,/system.slic,my-app_authentication.7.10tjlk6zlunm03mtwkq7dcmfz,0.006705,85.27,494.0,222.0
2025-06-12T09:46:05.917126,10.160.0.21,/system.slic,my-app_authentication.9.0kj2agmiam5t4tb4l1eyrruyf,0.004412,83.0,0.0,0.0
2025-06-12T09:46:08.432951,10.160.0.21,/system.slic,my-app_authentication.4.orb90t7u6w651nm98v9wm54bz,0.035895,83.41,666.0,5271.0
2025-06-12T09:46:08.432951,10.160.0.21,/system.slic,my-app_authentication.2.te2jk7otj43ra9zh2v0po8axv,0.080949,85.36,1554.0,13029.0
2025-06-12T09:46:09.952158,10.160.0.21,/system.slic,my-app_authentication.6.yzl0bbqwi8kzwjexyceay2mqv,0.009139,92.25,168.0,0.0
2025-06-12T09:46:11.468051,10.160.0.21,/system.slic,my-app_authentication.10.czgcf8ctmyip0po60jf0qzzac,0.006169,89.03,210.0,0.0
2025-06-12T09:46:14.504753,10.160.0.21,/system.slic,my-app_authentication.5.rpukeqpnilb3w172i23s98jv6,0.0061,83.1,0.0,0.0
2025-06-12T09:46:14.504753,10.160.0.21,/system.slic,my-app_authentication.1.oaraf21dy3hvpvi29941cft3j,0.006689,83.87,0.0,0.0
2025-06-12T09:46:16.040508,10.160.0.21,/system.slic,my-app_authentication.8.ps2doeep3ayo9zf75jhagczw7,0.003295,82.98,0.0,0.0
2025-06-12T09:46:16.040508,10.160.0.21,/system.slic,my-app_authentication.3.b1no8yh118rat22ohku21sxou,0.004777,87.21,0.0,0.0
2025-06-12T09:46:17.565394,10.160.0.21,/system.slic,my-app_authentication.7.10tjlk6zlunm03mtwkq7dcmfz,0.006142,84.91,0.0,0.0
2025-06-12T09:46:17.565394,10.160.0.21,/system.slic,my-app_authentication.9.0kj2agmiam5t4tb4l1eyrruyf,0.003608,82.98,0.0,0.0
2025-06-12T09:46:20.084315,10.160.0.21,/system.slic,my-app_authentication.4.orb90t7u6w651nm98v9wm54bz,0.003677,83.41,0.0,0.0
2025-06-12T09:46:20.084315,10.160.0.21,/system.slic,my-app_authentication.2.te2jk7otj43ra9zh2v0po8axv,0.004077,85.36,0.0,0.0
2025-06-12T09:46:21.603769,10.160.0.21,/system.slic,my-app_authentication.6.yzl0bbqwi8kzwjexyceay2mqv,0.008278,92.25,84.0,0.0
2025-06-12T09:46:23.124139,10.160.0.21,/system.slic,my-app_authentication.10.czgcf8ctmyip0po60jf0qzzac,0.003381,89.03,42.0,0.0
2025-06-12T09:46:26.163064,10.160.0.21,/system.slic,my-app_authentication.5.rpukeqpnilb3w172i23s98jv6,0.005444,83.1,0.0,0.0
2025-06-12T09:46:26.163064,10.160.0.21,/system.slic,my-app_authentication.1.oaraf21dy3hvpvi29941cft3j,0.005888,83.87,0.0,0.0
2025-06-12T09:46:27.683721,10.160.0.21,/system.slic,my-app_authentication.8.ps2doeep3ayo9zf75jhagczw7,0.003014,82.98,0.0,0.0
2025-06-12T09:46:27.683721,10.160.0.21,/system.slic,my-app_authentication.3.b1no8yh118rat22ohku21sxou,0.005501,87.21,0.0,0.0
2025-06-12T09:46:29.205590,10.160.0.21,/system.slic,my-app_authentication.7.10tjlk6zlunm03mtwkq7dcmfz,0.006382,84.91,0.0,0.0
2025-06-12T09:46:29.205590,10.160.0.21,/system.slic,my-app_authentication.9.0kj2agmiam5t4tb4l1eyrruyf,0.006868,82.98,0.0,0.0
2025-06-12T09:46:31.720415,10.160.0.21,/system.slic,my-app_authentication.4.orb90t7u6w651nm98v9wm54bz,0.006442,83.41,379.0,66.0
2025-06-12T09:46:31.720415,10.160.0.21,/system.slic,my-app_authentication.2.te2jk7otj43ra9zh2v0po8axv,0.005627,85.36,0.0,0.0
2025-06-12T09:46:33.241462,10.160.0.21,/system.slic,my-app_authentication.6.yzl0bbqwi8kzwjexyceay2mqv,0.007548,92.25,126.0,0.0
2025-06-12T09:46:34.756501,10.160.0.21,/system.slic,my-app_authentication.10.czgcf8ctmyip0po60jf0qzzac,0.006556,89.03,336.0,0.0
2025-06-12T09:46:37.789592,10.160.0.21,/system.slic,my-app_authentication.5.rpukeqpnilb3w172i23s98jv6,0.086233,83.12,15158.0,12671.0
2025-06-12T09:46:37.789592,10.160.0.21,/system.slic,my-app_authentication.1.oaraf21dy3hvpvi29941cft3j,0.065628,83.96,10868.0,9078.0
2025-06-12T09:46:39.307995,10.160.0.21,/system.slic,my-app_authentication.8.ps2doeep3ayo9zf75jhagczw7,0.085168,82.99,11226.0,9990.0
2025-06-12T09:46:39.307995,10.160.0.21,/system.slic,my-app_authentication.3.b1no8yh118rat22ohku21sxou,0.037628,87.22,777.0,6386.0
2025-06-12T09:46:40.849670,10.160.0.21,/system.slic,my-app_authentication.7.10tjlk6zlunm03mtwkq7dcmfz,0.004872,84.91,0.0,0.0
2025-06-12T09:46:40.849670,10.160.0.21,/system.slic,my-app_authentication.9.0kj2agmiam5t4tb4l1eyrruyf,0.007907,82.99,0.0,0.0
2025-06-12T09:46:43.366531,10.160.0.21,/system.slic,my-app_authentication.4.orb90t7u6w651nm98v9wm54bz,0.002651,83.41,42.0,42.0
2025-06-12T09:46:43.366531,10.160.0.21,/system.slic,my-app_authentication.2.te2jk7otj43ra9zh2v0po8axv,0.003029,85.36,0.0,0.0
2025-06-12T09:46:44.885800,10.160.0.21,/system.slic,my-app_authentication.6.yzl0bbqwi8kzwjexyceay2mqv,0.003762,92.25,126.0,0.0
2025-06-12T09:46:46.402796,10.160.0.21,/system.slic,my-app_authentication.10.czgcf8ctmyip0po60jf0qzzac,0.004132,89.03,126.0,0.0
2025-06-12T09:46:49.436765,10.160.0.21,/system.slic,my-app_authentication.5.rpukeqpnilb3w172i23s98jv6,0.006159,83.1,0.0,0.0
2025-06-12T09:46:49.436765,10.160.0.21,/system.slic,my-app_authentication.1.oaraf21dy3hvpvi29941cft3j,0.005974,83.87,0.0,0.0
2025-06-12T09:46:50.955598,10.160.0.21,/system.slic,my-app_authentication.8.ps2doeep3ayo9zf75jhagczw7,0.003069,82.98,0.0,0.0
2025-06-12T09:46:50.955598,10.160.0.21,/system.slic,my-app_authentication.3.b1no8yh118rat22ohku21sxou,0.003778,87.21,759.0,263.0
2025-06-12T09:46:52.481084,10.160.0.21,/system.slic,my-app_authentication.7.10tjlk6zlunm03mtwkq7dcmfz,0.0067,84.91,0.0,0.0
2025-06-12T09:46:52.481084,10.160.0.21,/system.slic,my-app_authentication.9.0kj2agmiam5t4tb4l1eyrruyf,0.006201,82.99,0.0,0.0
2025-06-12T09:46:55.002783,10.160.0.21,/system.slic,my-app_authentication.4.orb90t7u6w651nm98v9wm54bz,0.006806,83.41,379.0,184.0
2025-06-12T09:46:55.002783,10.160.0.21,/system.slic,my-app_authentication.2.te2jk7otj43ra9zh2v0po8axv,0.00381,85.36,379.0,184.0
2025-06-12T09:46:56.522024,10.160.0.21,/system.slic,my-app_authentication.6.yzl0bbqwi8kzwjexyceay2mqv,0.003796,92.25,42.0,0.0
2025-06-12T09:46:58.045005,10.160.0.21,/system.slic,my-app_authentication.10.czgcf8ctmyip0po60jf0qzzac,0.003556,89.03,168.0,0.0
2025-06-12T09:47:01.092769,10.160.0.21,/system.slic,my-app_authentication.5.rpukeqpnilb3w172i23s98jv6,0.005195,83.1,0.0,0.0
2025-06-12T09:47:01.092769,10.160.0.21,/system.slic,my-app_authentication.1.oaraf21dy3hvpvi29941cft3j,0.005506,83.87,0.0,0.0
2025-06-12T09:47:02.614107,10.160.0.21,/system.slic,my-app_authentication.8.ps2doeep3ayo9zf75jhagczw7,0.003316,82.98,0.0,0.0
2025-06-12T09:47:02.614107,10.160.0.21,/system.slic,my-app_authentication.3.b1no8yh118rat22ohku21sxou,0.002508,87.21,0.0,0.0
2025-06-12T09:47:04.136902,10.160.0.21,/system.slic,my-app_authentication.7.10tjlk6zlunm03mtwkq7dcmfz,0.004334,84.91,0.0,0.0
2025-06-12T09:47:04.136902,10.160.0.21,/system.slic,my-app_authentication.9.0kj2agmiam5t4tb4l1eyrruyf,0.003983,82.99,0.0,0.0
2025-06-12T09:47:06.650284,10.160.0.21,/system.slic,my-app_authentication.4.orb90t7u6w651nm98v9wm54bz,0.006665,83.41,759.0,263.0
2025-06-12T09:47:06.650284,10.160.0.21,/system.slic,my-app_authentication.2.te2jk7otj43ra9zh2v0po8axv,0.006076,85.36,422.0,239.0
2025-06-12T09:47:08.166776,10.160.0.21,/system.slic,my-app_authentication.6.yzl0bbqwi8kzwjexyceay2mqv,0.074568,92.27,8276.0,6926.0
2025-06-12T09:47:09.681139,10.160.0.21,/system.slic,my-app_authentication.10.czgcf8ctmyip0po60jf0qzzac,0.022868,89.03,2050.0,1507.0
2025-06-12T09:47:12.718403,10.160.0.21,/system.slic,my-app_authentication.5.rpukeqpnilb3w172i23s98jv6,0.006084,83.11,0.0,0.0
2025-06-12T09:47:12.718403,10.160.0.21,/system.slic,my-app_authentication.1.oaraf21dy3hvpvi29941cft3j,0.005654,83.88,0.0,0.0
2025-06-12T09:47:14.240260,10.160.0.21,/system.slic,my-app_authentication.8.ps2doeep3ayo9zf75jhagczw7,0.0039,82.98,0.0,0.0
2025-06-12T09:47:14.240260,10.160.0.21,/system.slic,my-app_authentication.3.b1no8yh118rat22ohku21sxou,0.003366,87.21,0.0,0.0
2025-06-12T09:47:15.765640,10.160.0.21,/system.slic,my-app_authentication.7.10tjlk6zlunm03mtwkq7dcmfz,0.005701,84.91,0.0,0.0
2025-06-12T09:47:15.765640,10.160.0.21,/system.slic,my-app_authentication.9.0kj2agmiam5t4tb4l1eyrruyf,0.006592,82.99,0.0,0.0
2025-06-12T09:47:18.280960,10.160.0.21,/system.slic,my-app_authentication.4.orb90t7u6w651nm98v9wm54bz,0.003664,83.41,0.0,0.0
2025-06-12T09:47:18.280960,10.160.0.21,/system.slic,my-app_authentication.2.te2jk7otj43ra9zh2v0po8axv,0.007095,85.36,0.0,0.0
2025-06-12T09:47:19.801854,10.160.0.21,/system.slic,my-app_authentication.6.yzl0bbqwi8kzwjexyceay2mqv,0.006051,92.25,42.0,0.0
2025-06-12T09:47:21.317041,10.160.0.21,/system.slic,my-app_authentication.10.czgcf8ctmyip0po60jf0qzzac,0.008439,89.03,210.0,0.0
2025-06-12T09:47:24.367254,10.160.0.21,/system.slic,my-app_authentication.5.rpukeqpnilb3w172i23s98jv6,0.004733,83.36,0.0,0.0
2025-06-12T09:47:24.367254,10.160.0.21,/system.slic,my-app_authentication.1.oaraf21dy3hvpvi29941cft3j,0.005929,83.88,0.0,0.0
2025-06-12T09:47:25.893273,10.160.0.21,/system.slic,my-app_authentication.8.ps2doeep3ayo9zf75jhagczw7,0.00542,82.98,0.0,0.0
2025-06-12T09:47:25.893273,10.160.0.21,/system.slic,my-app_authentication.3.b1no8yh118rat22ohku21sxou,0.005065,87.21,0.0,0.0
2025-06-12T09:47:27.417652,10.160.0.21,/system.slic,my-app_authentication.7.10tjlk6zlunm03mtwkq7dcmfz,0.006025,84.91,54.0,0.0
2025-06-12T09:47:27.417652,10.160.0.21,/system.slic,my-app_authentication.9.0kj2agmiam5t4tb4l1eyrruyf,0.003668,82.99,0.0,0.0
2025-06-12T09:47:29.932750,10.160.0.21,/system.slic,my-app_authentication.4.orb90t7u6w651nm98v9wm54bz,0.004498,83.41,0.0,0.0
2025-06-12T09:47:29.932750,10.160.0.21,/system.slic,my-app_authentication.2.te2jk7otj43ra9zh2v0po8axv,0.003811,85.36,0.0,0.0
2025-06-12T09:47:31.450862,10.160.0.21,/system.slic,my-app_authentication.6.yzl0bbqwi8kzwjexyceay2mqv,0.00844,92.25,84.0,0.0
2025-06-12T09:47:32.964611,10.160.0.21,/system.slic,my-app_authentication.10.czgcf8ctmyip0po60jf0qzzac,0.003592,89.03,252.0,0.0
2025-06-12T09:47:35.999470,10.160.0.21,/system.slic,my-app_authentication.5.rpukeqpnilb3w172i23s98jv6,0.002979,83.11,0.0,0.0
2025-06-12T09:47:35.999470,10.160.0.21,/system.slic,my-app_authentication.1.oaraf21dy3hvpvi29941cft3j,0.003831,83.88,0.0,0.0
2025-06-12T09:47:37.520380,10.160.0.21,/system.slic,my-app_authentication.8.ps2doeep3ayo9zf75jhagczw7,0.028805,82.99,4444.0,3667.0
2025-06-12T09:47:37.520380,10.160.0.21,/system.slic,my-app_authentication.3.b1no8yh118rat22ohku21sxou,0.006087,87.21,0.0,0.0
2025-06-12T09:47:39.043726,10.160.0.21,/system.slic,my-app_authentication.7.10tjlk6zlunm03mtwkq7dcmfz,0.107577,84.92,14122.0,11770.0
2025-06-12T09:47:39.043726,10.160.0.21,/system.slic,my-app_authentication.9.0kj2agmiam5t4tb4l1eyrruyf,0.125704,83.0,16012.0,13351.0
2025-06-12T09:47:41.562621,10.160.0.21,/system.slic,my-app_authentication.4.orb90t7u6w651nm98v9wm54bz,0.004196,83.41,379.0,66.0
2025-06-12T09:47:41.562621,10.160.0.21,/system.slic,my-app_authentication.2.te2jk7otj43ra9zh2v0po8axv,0.003827,85.37,0.0,0.0
2025-06-12T09:47:43.079686,10.160.0.21,/system.slic,my-app_authentication.6.yzl0bbqwi8kzwjexyceay2mqv,0.004332,92.26,126.0,0.0
2025-06-12T09:47:44.593781,10.160.0.21,/system.slic,my-app_authentication.10.czgcf8ctmyip0po60jf0qzzac,0.00278,89.04,126.0,0.0
2025-06-12T09:47:47.629217,10.160.0.21,/system.slic,my-app_authentication.5.rpukeqpnilb3w172i23s98jv6,0.006093,83.11,0.0,0.0
2025-06-12T09:47:47.629217,10.160.0.21,/system.slic,my-app_authentication.1.oaraf21dy3hvpvi29941cft3j,0.003121,83.88,0.0,0.0
2025-06-12T09:47:49.150287,10.160.0.21,/system.slic,my-app_authentication.8.ps2doeep3ayo9zf75jhagczw7,0.002856,82.99,0.0,0.0
2025-06-12T09:47:49.150287,10.160.0.21,/system.slic,my-app_authentication.3.b1no8yh118rat22ohku21sxou,0.002635,87.22,0.0,0.0
2025-06-12T09:47:50.673661,10.160.0.21,/system.slic,my-app_authentication.7.10tjlk6zlunm03mtwkq7dcmfz,0.003992,84.92,0.0,0.0
2025-06-12T09:47:50.673661,10.160.0.21,/system.slic,my-app_authentication.9.0kj2agmiam5t4tb4l1eyrruyf,0.00648,82.99,0.0,0.0
2025-06-12T09:47:53.189295,10.160.0.21,/system.slic,my-app_authentication.4.orb90t7u6w651nm98v9wm54bz,0.005762,83.41,0.0,0.0
2025-06-12T09:47:53.189295,10.160.0.21,/system.slic,my-app_authentication.2.te2jk7otj43ra9zh2v0po8axv,0.005271,85.37,0.0,0.0
2025-06-12T09:47:54.710901,10.160.0.21,/system.slic,my-app_authentication.6.yzl0bbqwi8kzwjexyceay2mqv,0.004245,92.26,126.0,0.0
2025-06-12T09:47:56.225118,10.160.0.21,/system.slic,my-app_authentication.10.czgcf8ctmyip0po60jf0qzzac,0.003287,89.04,336.0,0.0
2025-06-12T09:47:59.258761,10.160.0.21,/system.slic,my-app_authentication.5.rpukeqpnilb3w172i23s98jv6,0.0037,83.11,0.0,0.0
2025-06-12T09:47:59.258761,10.160.0.21,/system.slic,my-app_authentication.1.oaraf21dy3hvpvi29941cft3j,0.0058,83.88,0.0,0.0
2025-06-12T09:48:00.781744,10.160.0.21,/system.slic,my-app_authentication.8.ps2doeep3ayo9zf75jhagczw7,0.004267,82.99,0.0,0.0
2025-06-12T09:48:00.781744,10.160.0.21,/system.slic,my-app_authentication.3.b1no8yh118rat22ohku21sxou,0.005954,87.22,758.0,368.0
2025-06-12T09:48:02.308224,10.160.0.21,/system.slic,my-app_authentication.7.10tjlk6zlunm03mtwkq7dcmfz,0.003975,84.92,0.0,0.0
2025-06-12T09:48:02.308224,10.160.0.21,/system.slic,my-app_authentication.9.0kj2agmiam5t4tb4l1eyrruyf,0.00508,82.99,0.0,0.0
2025-06-12T09:48:04.825750,10.160.0.21,/system.slic,my-app_authentication.4.orb90t7u6w651nm98v9wm54bz,0.006923,83.41,380.0,197.0
2025-06-12T09:48:04.825750,10.160.0.21,/system.slic,my-app_authentication.2.te2jk7otj43ra9zh2v0po8axv,0.006148,85.37,66.0,66.0
2025-06-12T09:48:06.345009,10.160.0.21,/system.slic,my-app_authentication.6.yzl0bbqwi8kzwjexyceay2mqv,0.006724,92.26,84.0,0.0
2025-06-12T09:48:07.865035,10.160.0.21,/system.slic,my-app_authentication.10.czgcf8ctmyip0po60jf0qzzac,0.041158,89.03,5344.0,4246.0
2025-06-12T09:48:10.899020,10.160.0.21,/system.slic,my-app_authentication.5.rpukeqpnilb3w172i23s98jv6,0.009061,83.14,617.0,506.0
2025-06-12T09:48:10.899020,10.160.0.21,/system.slic,my-app_authentication.1.oaraf21dy3hvpvi29941cft3j,0.004242,83.88,0.0,0.0
2025-06-12T09:48:12.419085,10.160.0.21,/system.slic,my-app_authentication.8.ps2doeep3ayo9zf75jhagczw7,0.002422,82.99,0.0,0.0
2025-06-12T09:48:12.419085,10.160.0.21,/system.slic,my-app_authentication.3.b1no8yh118rat22ohku21sxou,0.004899,87.22,759.0,1247.0
2025-06-12T09:48:13.943680,10.160.0.21,/system.slic,my-app_authentication.7.10tjlk6zlunm03mtwkq7dcmfz,0.004861,84.92,0.0,0.0
2025-06-12T09:48:13.943680,10.160.0.21,/system.slic,my-app_authentication.9.0kj2agmiam5t4tb4l1eyrruyf,0.007719,82.99,0.0,0.0
2025-06-12T09:48:16.457560,10.160.0.21,/system.slic,my-app_authentication.4.orb90t7u6w651nm98v9wm54bz,0.008394,83.41,758.0,250.0
2025-06-12T09:48:16.457560,10.160.0.21,/system.slic,my-app_authentication.2.te2jk7otj43ra9zh2v0po8axv,0.00477,85.38,379.0,184.0
2025-06-12T09:48:17.975493,10.160.0.21,/system.slic,my-app_authentication.6.yzl0bbqwi8kzwjexyceay2mqv,0.008202,92.26,168.0,0.0
2025-06-12T09:48:19.491932,10.160.0.21,/system.slic,my-app_authentication.10.czgcf8ctmyip0po60jf0qzzac,0.003481,89.03,126.0,0.0
2025-06-12T09:48:22.528670,10.160.0.21,/system.slic,my-app_authentication.5.rpukeqpnilb3w172i23s98jv6,0.003666,83.12,0.0,0.0
2025-06-12T09:48:22.528670,10.160.0.21,/system.slic,my-app_authentication.1.oaraf21dy3hvpvi29941cft3j,0.006041,83.88,0.0,0.0
2025-06-12T09:48:24.051714,10.160.0.21,/system.slic,my-app_authentication.8.ps2doeep3ayo9zf75jhagczw7,0.00484,82.99,0.0,0.0
2025-06-12T09:48:24.051714,10.160.0.21,/system.slic,my-app_authentication.3.b1no8yh118rat22ohku21sxou,0.003316,87.22,379.0,66.0
2025-06-12T09:48:25.576482,10.160.0.21,/system.slic,my-app_authentication.7.10tjlk6zlunm03mtwkq7dcmfz,0.003188,84.92,0.0,0.0
2025-06-12T09:48:25.576482,10.160.0.21,/system.slic,my-app_authentication.9.0kj2agmiam5t4tb4l1eyrruyf,0.00676,82.99,0.0,0.0
2025-06-12T09:48:28.092677,10.160.0.21,/system.slic,my-app_authentication.4.orb90t7u6w651nm98v9wm54bz,0.006532,83.41,0.0,0.0
2025-06-12T09:48:28.092677,10.160.0.21,/system.slic,my-app_authentication.2.te2jk7otj43ra9zh2v0po8axv,0.006441,85.38,66.0,66.0
2025-06-12T09:48:29.610497,10.160.0.21,/system.slic,my-app_authentication.6.yzl0bbqwi8kzwjexyceay2mqv,0.007845,92.26,84.0,0.0
2025-06-12T09:48:31.125175,10.160.0.21,/system.slic,my-app_authentication.10.czgcf8ctmyip0po60jf0qzzac,0.003892,89.03,42.0,0.0
2025-06-12T09:48:34.159937,10.160.0.21,/system.slic,my-app_authentication.5.rpukeqpnilb3w172i23s98jv6,0.006226,83.12,0.0,0.0
2025-06-12T09:48:34.159937,10.160.0.21,/system.slic,my-app_authentication.1.oaraf21dy3hvpvi29941cft3j,0.005581,83.88,0.0,0.0
2025-06-12T09:48:35.689415,10.160.0.21,/system.slic,my-app_authentication.8.ps2doeep3ayo9zf75jhagczw7,0.003337,82.99,0.0,0.0
2025-06-12T09:48:35.689415,10.160.0.21,/system.slic,my-app_authentication.3.b1no8yh118rat22ohku21sxou,0.005289,87.22,0.0,0.0
2025-06-12T09:48:37.215387,10.160.0.21,/system.slic,my-app_authentication.7.10tjlk6zlunm03mtwkq7dcmfz,0.003974,84.92,0.0,0.0
2025-06-12T09:48:37.215387,10.160.0.21,/system.slic,my-app_authentication.9.0kj2agmiam5t4tb4l1eyrruyf,0.004149,82.99,0.0,0.0
2025-06-12T09:48:39.731116,10.160.0.21,/system.slic,my-app_authentication.4.orb90t7u6w651nm98v9wm54bz,0.07877,83.46,2109.0,16590.0
2025-06-12T09:48:39.731116,10.160.0.21,/system.slic,my-app_authentication.2.te2jk7otj43ra9zh2v0po8axv,0.075413,85.41,2756.0,14676.0
2025-06-12T09:48:41.251281,10.160.0.21,/system.slic,my-app_authentication.6.yzl0bbqwi8kzwjexyceay2mqv,0.076962,92.26,7267.0,5962.0
2025-06-12T09:48:42.766887,10.160.0.21,/system.slic,my-app_authentication.10.czgcf8ctmyip0po60jf0qzzac,0.005809,89.03,42.0,0.0
2025-06-12T09:48:45.805461,10.160.0.21,/system.slic,my-app_authentication.5.rpukeqpnilb3w172i23s98jv6,0.003338,83.11,0.0,0.0
2025-06-12T09:48:45.805461,10.160.0.21,/system.slic,my-app_authentication.1.oaraf21dy3hvpvi29941cft3j,0.005021,83.88,0.0,0.0
2025-06-12T09:48:47.328847,10.160.0.21,/system.slic,my-app_authentication.8.ps2doeep3ayo9zf75jhagczw7,0.00394,82.99,0.0,0.0
2025-06-12T09:48:47.328847,10.160.0.21,/system.slic,my-app_authentication.3.b1no8yh118rat22ohku21sxou,0.004848,87.22,0.0,0.0
2025-06-12T09:48:48.853261,10.160.0.21,/system.slic,my-app_authentication.7.10tjlk6zlunm03mtwkq7dcmfz,0.006212,84.92,0.0,0.0
2025-06-12T09:48:48.853261,10.160.0.21,/system.slic,my-app_authentication.9.0kj2agmiam5t4tb4l1eyrruyf,0.00625,82.99,0.0,0.0
2025-06-12T09:48:51.369294,10.160.0.21,/system.slic,my-app_authentication.4.orb90t7u6w651nm98v9wm54bz,0.003627,83.41,379.0,66.0
2025-06-12T09:48:51.369294,10.160.0.21,/system.slic,my-app_authentication.2.te2jk7otj43ra9zh2v0po8axv,0.004893,85.38,825.0,329.0
2025-06-12T09:48:52.890222,10.160.0.21,/system.slic,my-app_authentication.6.yzl0bbqwi8kzwjexyceay2mqv,0.003907,92.26,84.0,0.0
2025-06-12T09:48:54.406530,10.160.0.21,/system.slic,my-app_authentication.10.czgcf8ctmyip0po60jf0qzzac,0.003139,89.03,42.0,0.0
2025-06-12T09:48:57.442760,10.160.0.21,/system.slic,my-app_authentication.5.rpukeqpnilb3w172i23s98jv6,0.003422,83.11,0.0,0.0
2025-06-12T09:48:57.442760,10.160.0.21,/system.slic,my-app_authentication.1.oaraf21dy3hvpvi29941cft3j,0.005739,83.88,0.0,0.0
2025-06-12T09:48:58.965610,10.160.0.21,/system.slic,my-app_authentication.8.ps2doeep3ayo9zf75jhagczw7,0.003107,82.99,0.0,0.0
2025-06-12T09:48:58.965610,10.160.0.21,/system.slic,my-app_authentication.3.b1no8yh118rat22ohku21sxou,0.002517,87.22,0.0,0.0
2025-06-12T09:49:00.492556,10.160.0.21,/system.slic,my-app_authentication.7.10tjlk6zlunm03mtwkq7dcmfz,0.003616,84.92,0.0,0.0
2025-06-12T09:49:00.492556,10.160.0.21,/system.slic,my-app_authentication.9.0kj2agmiam5t4tb4l1eyrruyf,0.006039,82.99,0.0,0.0
2025-06-12T09:49:03.007170,10.160.0.21,/system.slic,my-app_authentication.4.orb90t7u6w651nm98v9wm54bz,0.00409,83.41,0.0,0.0
2025-06-12T09:49:03.007170,10.160.0.21,/system.slic,my-app_authentication.2.te2jk7otj43ra9zh2v0po8axv,0.006555,85.38,0.0,0.0
2025-06-12T09:49:04.529298,10.160.0.21,/system.slic,my-app_authentication.6.yzl0bbqwi8kzwjexyceay2mqv,0.00498,92.26,168.0,0.0
2025-06-12T09:49:06.048611,10.160.0.21,/system.slic,my-app_authentication.10.czgcf8ctmyip0po60jf0qzzac,0.004313,89.03,84.0,0.0
2025-06-12T09:49:09.086028,10.160.0.21,/system.slic,my-app_authentication.5.rpukeqpnilb3w172i23s98jv6,0.012478,83.12,1234.0,1012.0
2025-06-12T09:49:09.086028,10.160.0.21,/system.slic,my-app_authentication.1.oaraf21dy3hvpvi29941cft3j,0.011907,83.9,1234.0,1012.0
2025-06-12T09:49:10.606700,10.160.0.21,/system.slic,my-app_authentication.8.ps2doeep3ayo9zf75jhagczw7,0.094864,82.99,14815.0,12298.0
2025-06-12T09:49:10.606700,10.160.0.21,/system.slic,my-app_authentication.3.b1no8yh118rat22ohku21sxou,0.070801,87.22,3137.0,14953.0
2025-06-12T09:49:12.132101,10.160.0.21,/system.slic,my-app_authentication.7.10tjlk6zlunm03mtwkq7dcmfz,0.008825,85.18,0.0,0.0
2025-06-12T09:49:12.132101,10.160.0.21,/system.slic,my-app_authentication.9.0kj2agmiam5t4tb4l1eyrruyf,0.006762,82.99,0.0,0.0
2025-06-12T09:49:14.648941,10.160.0.21,/system.slic,my-app_authentication.4.orb90t7u6w651nm98v9wm54bz,0.004653,83.41,42.0,42.0
2025-06-12T09:49:14.648941,10.160.0.21,/system.slic,my-app_authentication.2.te2jk7otj43ra9zh2v0po8axv,0.004837,85.38,42.0,42.0
2025-06-12T09:49:16.167612,10.160.0.21,/system.slic,my-app_authentication.6.yzl0bbqwi8kzwjexyceay2mqv,0.0047,92.26,126.0,0.0
2025-06-12T09:49:17.685266,10.160.0.21,/system.slic,my-app_authentication.10.czgcf8ctmyip0po60jf0qzzac,0.005651,89.04,210.0,0.0
2025-06-12T09:49:20.722134,10.160.0.21,/system.slic,my-app_authentication.5.rpukeqpnilb3w172i23s98jv6,0.003631,83.11,0.0,0.0
2025-06-12T09:49:20.722134,10.160.0.21,/system.slic,my-app_authentication.1.oaraf21dy3hvpvi29941cft3j,0.005906,83.89,0.0,0.0
2025-06-12T09:49:22.244420,10.160.0.21,/system.slic,my-app_authentication.8.ps2doeep3ayo9zf75jhagczw7,0.005129,82.99,0.0,0.0
2025-06-12T09:49:22.244420,10.160.0.21,/system.slic,my-app_authentication.3.b1no8yh118rat22ohku21sxou,0.004194,87.22,0.0,0.0
2025-06-12T09:49:23.769252,10.160.0.21,/system.slic,my-app_authentication.7.10tjlk6zlunm03mtwkq7dcmfz,0.007696,84.93,0.0,0.0
2025-06-12T09:49:23.769252,10.160.0.21,/system.slic,my-app_authentication.9.0kj2agmiam5t4tb4l1eyrruyf,0.003025,82.99,0.0,0.0
2025-06-12T09:49:26.285844,10.160.0.21,/system.slic,my-app_authentication.4.orb90t7u6w651nm98v9wm54bz,0.005997,83.41,1139.0,460.0
2025-06-12T09:49:26.285844,10.160.0.21,/system.slic,my-app_authentication.2.te2jk7otj43ra9zh2v0po8axv,0.004651,85.38,422.0,239.0
2025-06-12T09:49:27.805409,10.160.0.21,/system.slic,my-app_authentication.6.yzl0bbqwi8kzwjexyceay2mqv,0.00723,92.26,84.0,0.0
2025-06-12T09:49:29.319213,10.160.0.21,/system.slic,my-app_authentication.10.czgcf8ctmyip0po60jf0qzzac,0.003697,89.04,210.0,0.0
2025-06-12T09:49:32.357378,10.160.0.21,/system.slic,my-app_authentication.5.rpukeqpnilb3w172i23s98jv6,0.006658,83.11,0.0,0.0
2025-06-12T09:49:32.357378,10.160.0.21,/system.slic,my-app_authentication.1.oaraf21dy3hvpvi29941cft3j,0.003231,83.89,0.0,0.0
2025-06-12T09:49:33.878884,10.160.0.21,/system.slic,my-app_authentication.8.ps2doeep3ayo9zf75jhagczw7,0.005884,82.99,0.0,0.0
2025-06-12T09:49:33.878884,10.160.0.21,/system.slic,my-app_authentication.3.b1no8yh118rat22ohku21sxou,0.002978,87.22,379.0,66.0
2025-06-12T09:49:35.405260,10.160.0.21,/system.slic,my-app_authentication.7.10tjlk6zlunm03mtwkq7dcmfz,0.005838,84.93,0.0,0.0
2025-06-12T09:49:35.405260,10.160.0.21,/system.slic,my-app_authentication.9.0kj2agmiam5t4tb4l1eyrruyf,0.004671,82.99,0.0,0.0
2025-06-12T09:49:37.920940,10.160.0.21,/system.slic,my-app_authentication.4.orb90t7u6w651nm98v9wm54bz,0.004485,83.41,0.0,0.0
2025-06-12T09:49:37.920940,10.160.0.21,/system.slic,my-app_authentication.2.te2jk7otj43ra9zh2v0po8axv,0.004243,85.38,66.0,66.0
2025-06-12T09:49:39.440419,10.160.0.21,/system.slic,my-app_authentication.6.yzl0bbqwi8kzwjexyceay2mqv,0.018924,92.27,1468.0,1078.0
2025-06-12T09:49:40.955876,10.160.0.21,/system.slic,my-app_authentication.10.czgcf8ctmyip0po60jf0qzzac,0.084018,89.04,10874.0,8888.0
2025-06-12T09:49:44.017253,10.160.0.21,/system.slic,my-app_authentication.5.rpukeqpnilb3w172i23s98jv6,0.003563,83.12,0.0,0.0
2025-06-12T09:49:44.017253,10.160.0.21,/system.slic,my-app_authentication.1.oaraf21dy3hvpvi29941cft3j,0.00377,83.88,0.0,0.0
2025-06-12T09:49:45.543178,10.160.0.21,/system.slic,my-app_authentication.8.ps2doeep3ayo9zf75jhagczw7,0.004973,82.99,0.0,0.0
2025-06-12T09:49:45.543178,10.160.0.21,/system.slic,my-app_authentication.3.b1no8yh118rat22ohku21sxou,0.003276,87.22,42.0,42.0
2025-06-12T09:49:47.078060,10.160.0.21,/system.slic,my-app_authentication.7.10tjlk6zlunm03mtwkq7dcmfz,0.00724,84.93,0.0,0.0
2025-06-12T09:49:47.078060,10.160.0.21,/system.slic,my-app_authentication.9.0kj2agmiam5t4tb4l1eyrruyf,0.003458,82.99,0.0,0.0
2025-06-12T09:49:49.595071,10.160.0.21,/system.slic,my-app_authentication.4.orb90t7u6w651nm98v9wm54bz,0.007633,83.41,0.0,0.0
2025-06-12T09:49:49.595071,10.160.0.21,/system.slic,my-app_authentication.2.te2jk7otj43ra9zh2v0po8axv,0.003987,85.38,0.0,0.0
2025-06-12T09:49:51.113271,10.160.0.21,/system.slic,my-app_authentication.6.yzl0bbqwi8kzwjexyceay2mqv,0.008965,92.26,84.0,0.0
2025-06-12T09:49:52.630707,10.160.0.21,/system.slic,my-app_authentication.10.czgcf8ctmyip0po60jf0qzzac,0.003294,89.04,126.0,0.0
2025-06-12T09:49:55.665651,10.160.0.21,/system.slic,my-app_authentication.5.rpukeqpnilb3w172i23s98jv6,0.003644,83.12,0.0,0.0
2025-06-12T09:49:55.665651,10.160.0.21,/system.slic,my-app_authentication.1.oaraf21dy3hvpvi29941cft3j,0.005603,84.13,0.0,0.0
2025-06-12T09:49:57.186916,10.160.0.21,/system.slic,my-app_authentication.8.ps2doeep3ayo9zf75jhagczw7,0.006667,82.99,0.0,0.0
2025-06-12T09:49:57.186916,10.160.0.21,/system.slic,my-app_authentication.3.b1no8yh118rat22ohku21sxou,0.005076,87.22,0.0,0.0
2025-06-12T09:49:58.711548,10.160.0.21,/system.slic,my-app_authentication.7.10tjlk6zlunm03mtwkq7dcmfz,0.00585,84.93,0.0,0.0
2025-06-12T09:49:58.711548,10.160.0.21,/system.slic,my-app_authentication.9.0kj2agmiam5t4tb4l1eyrruyf,0.003147,82.99,0.0,0.0
2025-06-12T09:50:01.227306,10.160.0.21,/system.slic,my-app_authentication.4.orb90t7u6w651nm98v9wm54bz,0.004705,83.41,0.0,0.0
2025-06-12T09:50:01.227306,10.160.0.21,/system.slic,my-app_authentication.2.te2jk7otj43ra9zh2v0po8axv,0.008486,85.38,1179.0,358.0
2025-06-12T09:50:02.746873,10.160.0.21,/system.slic,my-app_authentication.6.yzl0bbqwi8kzwjexyceay2mqv,0.005069,92.26,84.0,0.0
2025-06-12T09:50:04.265256,10.160.0.21,/system.slic,my-app_authentication.10.czgcf8ctmyip0po60jf0qzzac,0.006803,89.04,168.0,0.0
2025-06-12T09:50:07.305051,10.160.0.21,/system.slic,my-app_authentication.5.rpukeqpnilb3w172i23s98jv6,0.005839,83.12,0.0,0.0
2025-06-12T09:50:07.305051,10.160.0.21,/system.slic,my-app_authentication.1.oaraf21dy3hvpvi29941cft3j,0.003881,83.88,0.0,0.0
2025-06-12T09:50:08.827894,10.160.0.21,/system.slic,my-app_authentication.8.ps2doeep3ayo9zf75jhagczw7,0.004707,82.99,0.0,0.0
2025-06-12T09:50:08.827894,10.160.0.21,/system.slic,my-app_authentication.3.b1no8yh118rat22ohku21sxou,0.002587,87.22,0.0,0.0
2025-06-12T09:50:10.351987,10.160.0.21,/system.slic,my-app_authentication.7.10tjlk6zlunm03mtwkq7dcmfz,0.059331,84.96,8219.0,6776.0
2025-06-12T09:50:10.351987,10.160.0.21,/system.slic,my-app_authentication.9.0kj2agmiam5t4tb4l1eyrruyf,0.029128,83.06,4307.0,3374.0
2025-06-12T09:50:12.867722,10.160.0.21,/system.slic,my-app_authentication.4.orb90t7u6w651nm98v9wm54bz,0.007978,83.42,0.0,986.0
2025-06-12T09:50:12.867722,10.160.0.21,/system.slic,my-app_authentication.2.te2jk7otj43ra9zh2v0po8axv,0.005551,85.38,0.0,982.0
2025-06-12T09:50:14.385186,10.160.0.21,/system.slic,my-app_authentication.6.yzl0bbqwi8kzwjexyceay2mqv,0.00768,92.26,84.0,0.0
2025-06-12T09:50:15.901486,10.160.0.21,/system.slic,my-app_authentication.10.czgcf8ctmyip0po60jf0qzzac,0.007439,89.03,210.0,0.0
2025-06-12T09:50:18.937639,10.160.0.21,/system.slic,my-app_authentication.5.rpukeqpnilb3w172i23s98jv6,0.00544,83.11,0.0,0.0
2025-06-12T09:50:18.937639,10.160.0.21,/system.slic,my-app_authentication.1.oaraf21dy3hvpvi29941cft3j,0.002808,83.88,0.0,0.0
2025-06-12T09:50:20.458778,10.160.0.21,/system.slic,my-app_authentication.8.ps2doeep3ayo9zf75jhagczw7,0.005808,82.99,0.0,0.0
2025-06-12T09:50:20.458778,10.160.0.21,/system.slic,my-app_authentication.3.b1no8yh118rat22ohku21sxou,0.004804,87.22,1137.0,434.0
2025-06-12T09:50:21.983222,10.160.0.21,/system.slic,my-app_authentication.7.10tjlk6zlunm03mtwkq7dcmfz,0.003767,84.93,0.0,0.0
2025-06-12T09:50:21.983222,10.160.0.21,/system.slic,my-app_authentication.9.0kj2agmiam5t4tb4l1eyrruyf,0.007856,82.99,0.0,0.0
2025-06-12T09:50:24.503234,10.160.0.21,/system.slic,my-app_authentication.4.orb90t7u6w651nm98v9wm54bz,0.006802,83.42,0.0,0.0
2025-06-12T09:50:24.503234,10.160.0.21,/system.slic,my-app_authentication.2.te2jk7otj43ra9zh2v0po8axv,0.003472,85.38,0.0,0.0
2025-06-12T09:50:26.020463,10.160.0.21,/system.slic,my-app_authentication.6.yzl0bbqwi8kzwjexyceay2mqv,0.003846,92.26,84.0,0.0
2025-06-12T09:50:27.534625,10.160.0.21,/system.slic,my-app_authentication.10.czgcf8ctmyip0po60jf0qzzac,0.003605,89.03,84.0,0.0
2025-06-12T09:50:30.568892,10.160.0.21,/system.slic,my-app_authentication.5.rpukeqpnilb3w172i23s98jv6,0.004563,83.36,0.0,0.0
2025-06-12T09:50:30.568892,10.160.0.21,/system.slic,my-app_authentication.1.oaraf21dy3hvpvi29941cft3j,0.003426,83.88,0.0,0.0
2025-06-12T09:50:32.089046,10.160.0.21,/system.slic,my-app_authentication.8.ps2doeep3ayo9zf75jhagczw7,0.002462,82.99,0.0,0.0
2025-06-12T09:50:32.089046,10.160.0.21,/system.slic,my-app_authentication.3.b1no8yh118rat22ohku21sxou,0.005593,87.22,379.0,66.0
2025-06-12T09:50:33.615108,10.160.0.21,/system.slic,my-app_authentication.7.10tjlk6zlunm03mtwkq7dcmfz,0.009715,84.93,0.0,0.0
2025-06-12T09:50:33.615108,10.160.0.21,/system.slic,my-app_authentication.9.0kj2agmiam5t4tb4l1eyrruyf,0.005341,82.99,0.0,0.0
2025-06-12T09:50:36.131237,10.160.0.21,/system.slic,my-app_authentication.4.orb90t7u6w651nm98v9wm54bz,0.008483,83.42,1137.0,434.0
2025-06-12T09:50:36.131237,10.160.0.21,/system.slic,my-app_authentication.2.te2jk7otj43ra9zh2v0po8axv,0.007241,85.38,421.0,226.0
2025-06-12T09:50:37.649037,10.160.0.21,/system.slic,my-app_authentication.6.yzl0bbqwi8kzwjexyceay2mqv,0.006187,92.26,84.0,0.0
2025-06-12T09:50:39.181512,10.160.0.21,/system.slic,my-app_authentication.10.czgcf8ctmyip0po60jf0qzzac,0.003467,89.03,168.0,0.0
2025-06-12T09:50:42.234205,10.160.0.21,/system.slic,my-app_authentication.5.rpukeqpnilb3w172i23s98jv6,0.032428,83.12,4439.0,3674.0
2025-06-12T09:50:42.234205,10.160.0.21,/system.slic,my-app_authentication.1.oaraf21dy3hvpvi29941cft3j,0.065255,83.91,10244.0,8492.0
2025-06-12T09:50:43.756800,10.160.0.21,/system.slic,my-app_authentication.8.ps2doeep3ayo9zf75jhagczw7,0.003921,82.99,0.0,0.0
2025-06-12T09:50:43.756800,10.160.0.21,/system.slic,my-app_authentication.3.b1no8yh118rat22ohku21sxou,0.004589,87.22,511.0,1179.0
2025-06-12T09:50:45.280689,10.160.0.21,/system.slic,my-app_authentication.7.10tjlk6zlunm03mtwkq7dcmfz,0.002789,84.93,0.0,0.0
2025-06-12T09:50:45.280689,10.160.0.21,/system.slic,my-app_authentication.9.0kj2agmiam5t4tb4l1eyrruyf,0.006195,82.99,0.0,0.0
2025-06-12T09:50:47.793793,10.160.0.21,/system.slic,my-app_authentication.4.orb90t7u6w651nm98v9wm54bz,0.004051,83.42,0.0,0.0
2025-06-12T09:50:47.793793,10.160.0.21,/system.slic,my-app_authentication.2.te2jk7otj43ra9zh2v0po8axv,0.005685,85.38,42.0,42.0
2025-06-12T09:50:49.314938,10.160.0.21,/system.slic,my-app_authentication.6.yzl0bbqwi8kzwjexyceay2mqv,0.007653,92.27,210.0,0.0
2025-06-12T09:50:50.832044,10.160.0.21,/system.slic,my-app_authentication.10.czgcf8ctmyip0po60jf0qzzac,0.00741,89.04,252.0,0.0
2025-06-12T09:50:53.867613,10.160.0.21,/system.slic,my-app_authentication.5.rpukeqpnilb3w172i23s98jv6,0.002955,83.12,0.0,0.0
2025-06-12T09:50:53.867613,10.160.0.21,/system.slic,my-app_authentication.1.oaraf21dy3hvpvi29941cft3j,0.003642,83.89,0.0,0.0
2025-06-12T09:50:55.387509,10.160.0.21,/system.slic,my-app_authentication.8.ps2doeep3ayo9zf75jhagczw7,0.002458,82.99,0.0,0.0
2025-06-12T09:50:55.387509,10.160.0.21,/system.slic,my-app_authentication.3.b1no8yh118rat22ohku21sxou,0.002755,87.22,198.0,198.0
2025-06-12T09:50:56.910021,10.160.0.21,/system.slic,my-app_authentication.7.10tjlk6zlunm03mtwkq7dcmfz,0.003306,84.93,0.0,0.0
2025-06-12T09:50:56.910021,10.160.0.21,/system.slic,my-app_authentication.9.0kj2agmiam5t4tb4l1eyrruyf,0.002796,82.99,0.0,0.0
2025-06-12T09:50:59.424855,10.160.0.21,/system.slic,my-app_authentication.4.orb90t7u6w651nm98v9wm54bz,0.007373,83.42,0.0,0.0
2025-06-12T09:50:59.424855,10.160.0.21,/system.slic,my-app_authentication.2.te2jk7otj43ra9zh2v0po8axv,0.004696,85.62,0.0,0.0
2025-06-12T09:51:00.945856,10.160.0.21,/system.slic,my-app_authentication.6.yzl0bbqwi8kzwjexyceay2mqv,0.009524,92.27,210.0,0.0
2025-06-12T09:51:02.466235,10.160.0.21,/system.slic,my-app_authentication.10.czgcf8ctmyip0po60jf0qzzac,0.006783,89.04,210.0,0.0
2025-06-12T09:51:05.509125,10.160.0.21,/system.slic,my-app_authentication.5.rpukeqpnilb3w172i23s98jv6,0.005886,83.12,0.0,0.0
2025-06-12T09:51:05.509125,10.160.0.21,/system.slic,my-app_authentication.1.oaraf21dy3hvpvi29941cft3j,0.006286,83.89,0.0,0.0
2025-06-12T09:51:07.031366,10.160.0.21,/system.slic,my-app_authentication.8.ps2doeep3ayo9zf75jhagczw7,0.004423,82.99,0.0,0.0
2025-06-12T09:51:07.031366,10.160.0.21,/system.slic,my-app_authentication.3.b1no8yh118rat22ohku21sxou,0.005124,87.22,0.0,0.0
2025-06-12T09:51:08.556114,10.160.0.21,/system.slic,my-app_authentication.7.10tjlk6zlunm03mtwkq7dcmfz,0.002789,84.93,0.0,0.0
2025-06-12T09:51:08.556114,10.160.0.21,/system.slic,my-app_authentication.9.0kj2agmiam5t4tb4l1eyrruyf,0.005485,82.99,0.0,0.0
2025-06-12T09:51:11.072465,10.160.0.21,/system.slic,my-app_authentication.4.orb90t7u6w651nm98v9wm54bz,0.057682,83.43,1221.0,8975.0
2025-06-12T09:51:11.072465,10.160.0.21,/system.slic,my-app_authentication.2.te2jk7otj43ra9zh2v0po8axv,0.034089,85.38,1846.0,5896.0
2025-06-12T09:51:12.592941,10.160.0.21,/system.slic,my-app_authentication.6.yzl0bbqwi8kzwjexyceay2mqv,0.182297,92.27,13593.0,11286.0
2025-06-12T09:51:14.111347,10.160.0.21,/system.slic,my-app_authentication.10.czgcf8ctmyip0po60jf0qzzac,0.00403,89.04,84.0,0.0
2025-06-12T09:51:17.147586,10.160.0.21,/system.slic,my-app_authentication.5.rpukeqpnilb3w172i23s98jv6,0.003032,83.12,0.0,0.0
2025-06-12T09:51:17.147586,10.160.0.21,/system.slic,my-app_authentication.1.oaraf21dy3hvpvi29941cft3j,0.003483,83.88,0.0,0.0
2025-06-12T09:51:18.669829,10.160.0.21,/system.slic,my-app_authentication.8.ps2doeep3ayo9zf75jhagczw7,0.002577,82.99,0.0,0.0
2025-06-12T09:51:18.669829,10.160.0.21,/system.slic,my-app_authentication.3.b1no8yh118rat22ohku21sxou,0.002924,87.22,0.0,0.0
2025-06-12T09:51:20.195423,10.160.0.21,/system.slic,my-app_authentication.7.10tjlk6zlunm03mtwkq7dcmfz,0.00379,84.93,0.0,0.0
2025-06-12T09:51:20.195423,10.160.0.21,/system.slic,my-app_authentication.9.0kj2agmiam5t4tb4l1eyrruyf,0.00388,83.0,0.0,0.0
2025-06-12T09:51:22.712710,10.160.0.21,/system.slic,my-app_authentication.4.orb90t7u6w651nm98v9wm54bz,0.008331,83.41,379.0,66.0
2025-06-12T09:51:22.712710,10.160.0.21,/system.slic,my-app_authentication.2.te2jk7otj43ra9zh2v0po8axv,0.00689,85.38,379.0,66.0
2025-06-12T09:51:24.230805,10.160.0.21,/system.slic,my-app_authentication.6.yzl0bbqwi8kzwjexyceay2mqv,0.006829,92.26,126.0,0.0
2025-06-12T09:51:25.744980,10.160.0.21,/system.slic,my-app_authentication.10.czgcf8ctmyip0po60jf0qzzac,0.007224,89.04,294.0,0.0
2025-06-12T09:51:28.779062,10.160.0.21,/system.slic,my-app_authentication.5.rpukeqpnilb3w172i23s98jv6,0.003286,83.12,0.0,0.0
2025-06-12T09:51:28.779062,10.160.0.21,/system.slic,my-app_authentication.1.oaraf21dy3hvpvi29941cft3j,0.004123,83.88,0.0,0.0
2025-06-12T09:51:30.304122,10.160.0.21,/system.slic,my-app_authentication.8.ps2doeep3ayo9zf75jhagczw7,0.005388,82.99,0.0,0.0
2025-06-12T09:51:30.304122,10.160.0.21,/system.slic,my-app_authentication.3.b1no8yh118rat22ohku21sxou,0.004152,87.22,380.0,197.0
2025-06-12T09:51:31.832410,10.160.0.21,/system.slic,my-app_authentication.7.10tjlk6zlunm03mtwkq7dcmfz,0.002525,84.93,0.0,0.0
2025-06-12T09:51:31.832410,10.160.0.21,/system.slic,my-app_authentication.9.0kj2agmiam5t4tb4l1eyrruyf,0.006102,83.0,0.0,0.0
2025-06-12T09:51:34.350887,10.160.0.21,/system.slic,my-app_authentication.4.orb90t7u6w651nm98v9wm54bz,0.005064,83.41,0.0,0.0
2025-06-12T09:51:34.350887,10.160.0.21,/system.slic,my-app_authentication.2.te2jk7otj43ra9zh2v0po8axv,0.00587,85.38,0.0,0.0
2025-06-12T09:51:35.868821,10.160.0.21,/system.slic,my-app_authentication.6.yzl0bbqwi8kzwjexyceay2mqv,0.002817,92.26,168.0,0.0
2025-06-12T09:51:37.383984,10.160.0.21,/system.slic,my-app_authentication.10.czgcf8ctmyip0po60jf0qzzac,0.006867,89.04,294.0,0.0
2025-06-12T09:51:40.421611,10.160.0.21,/system.slic,my-app_authentication.5.rpukeqpnilb3w172i23s98jv6,0.005281,83.12,0.0,0.0
2025-06-12T09:51:40.421611,10.160.0.21,/system.slic,my-app_authentication.1.oaraf21dy3hvpvi29941cft3j,0.004005,83.88,0.0,0.0
2025-06-12T09:51:41.947260,10.160.0.21,/system.slic,my-app_authentication.8.ps2doeep3ayo9zf75jhagczw7,0.081224,82.99,12778.0,10582.0
2025-06-12T09:51:41.947260,10.160.0.21,/system.slic,my-app_authentication.3.b1no8yh118rat22ohku21sxou,0.017326,87.22,1470.0,1331.0
2025-06-12T09:51:43.472739,10.160.0.21,/system.slic,my-app_authentication.7.10tjlk6zlunm03mtwkq7dcmfz,0.059413,84.93,8459.0,7040.0
2025-06-12T09:51:43.472739,10.160.0.21,/system.slic,my-app_authentication.9.0kj2agmiam5t4tb4l1eyrruyf,0.078976,83.02,11520.0,9570.0
2025-06-12T09:51:45.991872,10.160.0.21,/system.slic,my-app_authentication.4.orb90t7u6w651nm98v9wm54bz,0.006207,83.41,380.0,197.0
2025-06-12T09:51:45.991872,10.160.0.21,/system.slic,my-app_authentication.2.te2jk7otj43ra9zh2v0po8axv,0.003894,85.38,380.0,197.0
2025-06-12T09:51:47.512713,10.160.0.21,/system.slic,my-app_authentication.6.yzl0bbqwi8kzwjexyceay2mqv,0.006622,92.26,84.0,0.0
2025-06-12T09:51:49.027001,10.160.0.21,/system.slic,my-app_authentication.10.czgcf8ctmyip0po60jf0qzzac,0.007114,89.03,210.0,0.0
2025-06-12T09:51:52.062118,10.160.0.21,/system.slic,my-app_authentication.5.rpukeqpnilb3w172i23s98jv6,0.005662,83.12,0.0,0.0
2025-06-12T09:51:52.062118,10.160.0.21,/system.slic,my-app_authentication.1.oaraf21dy3hvpvi29941cft3j,0.003816,83.89,0.0,0.0
2025-06-12T09:51:53.584043,10.160.0.21,/system.slic,my-app_authentication.8.ps2doeep3ayo9zf75jhagczw7,0.003584,82.99,0.0,0.0
2025-06-12T09:51:53.584043,10.160.0.21,/system.slic,my-app_authentication.3.b1no8yh118rat22ohku21sxou,0.003592,87.22,379.0,66.0
2025-06-12T09:51:55.110219,10.160.0.21,/system.slic,my-app_authentication.7.10tjlk6zlunm03mtwkq7dcmfz,0.003973,84.93,0.0,0.0
2025-06-12T09:51:55.110219,10.160.0.21,/system.slic,my-app_authentication.9.0kj2agmiam5t4tb4l1eyrruyf,0.006449,82.99,0.0,0.0
2025-06-12T09:51:57.624960,10.160.0.21,/system.slic,my-app_authentication.4.orb90t7u6w651nm98v9wm54bz,0.006651,83.41,758.0,250.0
2025-06-12T09:51:57.624960,10.160.0.21,/system.slic,my-app_authentication.2.te2jk7otj43ra9zh2v0po8axv,0.008195,85.38,379.0,184.0
2025-06-12T09:51:59.146385,10.160.0.21,/system.slic,my-app_authentication.6.yzl0bbqwi8kzwjexyceay2mqv,0.008279,92.26,210.0,0.0
2025-06-12T09:52:00.662964,10.160.0.21,/system.slic,my-app_authentication.10.czgcf8ctmyip0po60jf0qzzac,0.007258,89.03,126.0,0.0
2025-06-12T09:52:03.715205,10.160.0.21,/system.slic,my-app_authentication.5.rpukeqpnilb3w172i23s98jv6,0.005672,83.12,0.0,0.0
2025-06-12T09:52:03.715205,10.160.0.21,/system.slic,my-app_authentication.1.oaraf21dy3hvpvi29941cft3j,0.00363,83.89,0.0,0.0
2025-06-12T09:52:05.237857,10.160.0.21,/system.slic,my-app_authentication.8.ps2doeep3ayo9zf75jhagczw7,0.004569,82.99,0.0,0.0
2025-06-12T09:52:05.237857,10.160.0.21,/system.slic,my-app_authentication.3.b1no8yh118rat22ohku21sxou,0.004977,87.22,0.0,0.0
2025-06-12T09:52:06.761705,10.160.0.21,/system.slic,my-app_authentication.7.10tjlk6zlunm03mtwkq7dcmfz,0.00571,84.93,0.0,0.0
2025-06-12T09:52:06.761705,10.160.0.21,/system.slic,my-app_authentication.9.0kj2agmiam5t4tb4l1eyrruyf,0.003563,82.99,0.0,0.0
2025-06-12T09:52:09.279073,10.160.0.21,/system.slic,my-app_authentication.4.orb90t7u6w651nm98v9wm54bz,0.00315,83.41,0.0,0.0
2025-06-12T09:52:09.279073,10.160.0.21,/system.slic,my-app_authentication.2.te2jk7otj43ra9zh2v0po8axv,0.005648,85.38,66.0,66.0
2025-06-12T09:52:10.807387,10.160.0.21,/system.slic,my-app_authentication.6.yzl0bbqwi8kzwjexyceay2mqv,0.006224,92.26,42.0,0.0
2025-06-12T09:52:12.322388,10.160.0.21,/system.slic,my-app_authentication.10.czgcf8ctmyip0po60jf0qzzac,0.003146,89.03,126.0,0.0
2025-06-12T09:52:15.356535,10.160.0.21,/system.slic,my-app_authentication.5.rpukeqpnilb3w172i23s98jv6,0.002953,83.12,0.0,0.0
2025-06-12T09:52:15.356535,10.160.0.21,/system.slic,my-app_authentication.1.oaraf21dy3hvpvi29941cft3j,0.003806,83.89,0.0,0.0
2025-06-12T09:52:16.878968,10.160.0.21,/system.slic,my-app_authentication.8.ps2doeep3ayo9zf75jhagczw7,0.003499,82.99,42.0,42.0
2025-06-12T09:52:16.878968,10.160.0.21,/system.slic,my-app_authentication.3.b1no8yh118rat22ohku21sxou,0.00442,87.22,42.0,42.0
2025-06-12T09:52:18.401818,10.160.0.21,/system.slic,my-app_authentication.7.10tjlk6zlunm03mtwkq7dcmfz,0.003989,84.93,0.0,0.0
2025-06-12T09:52:18.401818,10.160.0.21,/system.slic,my-app_authentication.9.0kj2agmiam5t4tb4l1eyrruyf,0.003732,82.99,0.0,0.0
2025-06-12T09:52:20.922099,10.160.0.21,/system.slic,my-app_authentication.4.orb90t7u6w651nm98v9wm54bz,0.003237,83.41,0.0,0.0
2025-06-12T09:52:20.922099,10.160.0.21,/system.slic,my-app_authentication.2.te2jk7otj43ra9zh2v0po8axv,0.005331,85.38,42.0,42.0
2025-06-12T09:52:22.439890,10.160.0.21,/system.slic,my-app_authentication.6.yzl0bbqwi8kzwjexyceay2mqv,0.007341,92.26,84.0,0.0
2025-06-12T09:52:23.959727,10.160.0.21,/system.slic,my-app_authentication.10.czgcf8ctmyip0po60jf0qzzac,0.003371,89.03,168.0,0.0
2025-06-12T09:52:27.001467,10.160.0.21,/system.slic,my-app_authentication.5.rpukeqpnilb3w172i23s98jv6,0.003058,83.12,0.0,0.0
2025-06-12T09:52:27.001467,10.160.0.21,/system.slic,my-app_authentication.1.oaraf21dy3hvpvi29941cft3j,0.00511,83.89,0.0,0.0
2025-06-12T09:52:28.523010,10.160.0.21,/system.slic,my-app_authentication.8.ps2doeep3ayo9zf75jhagczw7,0.003217,82.99,0.0,0.0
2025-06-12T09:52:28.523010,10.160.0.21,/system.slic,my-app_authentication.3.b1no8yh118rat22ohku21sxou,0.004803,87.22,0.0,0.0
2025-06-12T09:52:30.047166,10.160.0.21,/system.slic,my-app_authentication.7.10tjlk6zlunm03mtwkq7dcmfz,0.004863,84.93,0.0,0.0
2025-06-12T09:52:30.047166,10.160.0.21,/system.slic,my-app_authentication.9.0kj2agmiam5t4tb4l1eyrruyf,0.005792,82.99,0.0,0.0
2025-06-12T09:52:32.565200,10.160.0.21,/system.slic,my-app_authentication.4.orb90t7u6w651nm98v9wm54bz,0.004264,83.41,379.0,66.0
2025-06-12T09:52:32.565200,10.160.0.21,/system.slic,my-app_authentication.2.te2jk7otj43ra9zh2v0po8axv,0.004089,85.38,0.0,0.0
2025-06-12T09:52:34.082250,10.160.0.21,/system.slic,my-app_authentication.6.yzl0bbqwi8kzwjexyceay2mqv,0.006092,92.26,84.0,0.0
2025-06-12T09:52:35.598033,10.160.0.21,/system.slic,my-app_authentication.10.czgcf8ctmyip0po60jf0qzzac,0.004097,89.03,84.0,0.0
2025-06-12T09:52:38.634724,10.160.0.21,/system.slic,my-app_authentication.5.rpukeqpnilb3w172i23s98jv6,0.0042,83.12,0.0,0.0
2025-06-12T09:52:38.634724,10.160.0.21,/system.slic,my-app_authentication.1.oaraf21dy3hvpvi29941cft3j,0.003981,83.89,0.0,0.0
2025-06-12T09:52:40.154305,10.160.0.21,/system.slic,my-app_authentication.8.ps2doeep3ayo9zf75jhagczw7,0.005002,82.99,0.0,0.0
2025-06-12T09:52:40.154305,10.160.0.21,/system.slic,my-app_authentication.3.b1no8yh118rat22ohku21sxou,0.003842,87.22,379.0,184.0
2025-06-12T09:52:41.686756,10.160.0.21,/system.slic,my-app_authentication.7.10tjlk6zlunm03mtwkq7dcmfz,0.004197,84.93,0.0,0.0
2025-06-12T09:52:41.686756,10.160.0.21,/system.slic,my-app_authentication.9.0kj2agmiam5t4tb4l1eyrruyf,0.004396,82.99,0.0,0.0
2025-06-12T09:52:44.206972,10.160.0.21,/system.slic,my-app_authentication.4.orb90t7u6w651nm98v9wm54bz,0.003258,83.41,0.0,0.0
2025-06-12T09:52:44.206972,10.160.0.21,/system.slic,my-app_authentication.2.te2jk7otj43ra9zh2v0po8axv,0.003913,85.38,0.0,0.0
2025-06-12T09:52:45.728316,10.160.0.21,/system.slic,my-app_authentication.6.yzl0bbqwi8kzwjexyceay2mqv,0.006338,92.26,84.0,0.0
2025-06-12T09:52:47.246564,10.160.0.21,/system.slic,my-app_authentication.10.czgcf8ctmyip0po60jf0qzzac,0.005579,89.03,168.0,0.0
2025-06-12T09:52:50.285442,10.160.0.21,/system.slic,my-app_authentication.5.rpukeqpnilb3w172i23s98jv6,0.004841,83.12,0.0,0.0
2025-06-12T09:52:50.285442,10.160.0.21,/system.slic,my-app_authentication.1.oaraf21dy3hvpvi29941cft3j,0.003469,83.89,0.0,0.0
2025-06-12T09:52:51.807693,10.160.0.21,/system.slic,my-app_authentication.8.ps2doeep3ayo9zf75jhagczw7,0.002639,82.99,0.0,0.0
2025-06-12T09:52:51.807693,10.160.0.21,/system.slic,my-app_authentication.3.b1no8yh118rat22ohku21sxou,0.00401,87.22,759.0,263.0
2025-06-12T09:52:53.331710,10.160.0.21,/system.slic,my-app_authentication.7.10tjlk6zlunm03mtwkq7dcmfz,0.00677,84.93,0.0,0.0
2025-06-12T09:52:53.331710,10.160.0.21,/system.slic,my-app_authentication.9.0kj2agmiam5t4tb4l1eyrruyf,0.007722,82.99,0.0,0.0
2025-06-12T09:52:55.852436,10.160.0.21,/system.slic,my-app_authentication.4.orb90t7u6w651nm98v9wm54bz,0.005998,83.41,379.0,184.0
2025-06-12T09:52:55.852436,10.160.0.21,/system.slic,my-app_authentication.2.te2jk7otj43ra9zh2v0po8axv,0.003399,85.38,487.0,292.0
2025-06-12T09:52:57.368976,10.160.0.21,/system.slic,my-app_authentication.6.yzl0bbqwi8kzwjexyceay2mqv,0.005305,92.26,84.0,0.0
2025-06-12T09:52:58.884027,10.160.0.21,/system.slic,my-app_authentication.10.czgcf8ctmyip0po60jf0qzzac,0.006024,89.03,210.0,0.0
2025-06-12T09:53:01.921886,10.160.0.21,/system.slic,my-app_authentication.5.rpukeqpnilb3w172i23s98jv6,0.004634,83.12,0.0,0.0
2025-06-12T09:53:01.921886,10.160.0.21,/system.slic,my-app_authentication.1.oaraf21dy3hvpvi29941cft3j,0.002859,83.89,0.0,0.0
2025-06-12T09:53:03.441885,10.160.0.21,/system.slic,my-app_authentication.8.ps2doeep3ayo9zf75jhagczw7,0.002588,82.99,0.0,0.0
2025-06-12T09:53:03.441885,10.160.0.21,/system.slic,my-app_authentication.3.b1no8yh118rat22ohku21sxou,0.005504,87.22,421.0,108.0
2025-06-12T09:53:04.967470,10.160.0.21,/system.slic,my-app_authentication.7.10tjlk6zlunm03mtwkq7dcmfz,0.007264,84.93,0.0,0.0
2025-06-12T09:53:04.967470,10.160.0.21,/system.slic,my-app_authentication.9.0kj2agmiam5t4tb4l1eyrruyf,0.003,82.99,0.0,0.0
2025-06-12T09:53:07.486260,10.160.0.21,/system.slic,my-app_authentication.4.orb90t7u6w651nm98v9wm54bz,0.003229,83.41,0.0,0.0
2025-06-12T09:53:07.486260,10.160.0.21,/system.slic,my-app_authentication.2.te2jk7otj43ra9zh2v0po8axv,0.006904,85.38,0.0,0.0
2025-06-12T09:53:09.008127,10.160.0.21,/system.slic,my-app_authentication.6.yzl0bbqwi8kzwjexyceay2mqv,0.008268,92.26,168.0,0.0
2025-06-12T09:53:10.521854,10.160.0.21,/system.slic,my-app_authentication.10.czgcf8ctmyip0po60jf0qzzac,0.003419,89.03,168.0,0.0
2025-06-12T09:53:13.554638,10.160.0.21,/system.slic,my-app_authentication.5.rpukeqpnilb3w172i23s98jv6,0.007222,83.37,0.0,0.0
2025-06-12T09:53:13.554638,10.160.0.21,/system.slic,my-app_authentication.1.oaraf21dy3hvpvi29941cft3j,0.007483,83.89,0.0,0.0
2025-06-12T09:53:15.076104,10.160.0.21,/system.slic,my-app_authentication.8.ps2doeep3ayo9zf75jhagczw7,0.004718,82.99,0.0,0.0
2025-06-12T09:53:15.076104,10.160.0.21,/system.slic,my-app_authentication.3.b1no8yh118rat22ohku21sxou,0.002684,87.22,0.0,0.0
2025-06-12T09:53:16.599006,10.160.0.21,/system.slic,my-app_authentication.7.10tjlk6zlunm03mtwkq7dcmfz,0.003514,84.93,0.0,0.0
2025-06-12T09:53:16.599006,10.160.0.21,/system.slic,my-app_authentication.9.0kj2agmiam5t4tb4l1eyrruyf,0.003898,82.99,0.0,0.0
2025-06-12T09:53:19.118439,10.160.0.21,/system.slic,my-app_authentication.4.orb90t7u6w651nm98v9wm54bz,0.004336,83.41,0.0,0.0
2025-06-12T09:53:19.118439,10.160.0.21,/system.slic,my-app_authentication.2.te2jk7otj43ra9zh2v0po8axv,0.003718,85.38,0.0,0.0
2025-06-12T09:53:20.637720,10.160.0.21,/system.slic,my-app_authentication.6.yzl0bbqwi8kzwjexyceay2mqv,0.003051,92.26,84.0,0.0
2025-06-12T09:53:22.156196,10.160.0.21,/system.slic,my-app_authentication.10.czgcf8ctmyip0po60jf0qzzac,0.004029,89.03,126.0,0.0
2025-06-12T09:53:25.191020,10.160.0.21,/system.slic,my-app_authentication.5.rpukeqpnilb3w172i23s98jv6,0.002892,83.12,0.0,0.0
2025-06-12T09:53:25.191020,10.160.0.21,/system.slic,my-app_authentication.1.oaraf21dy3hvpvi29941cft3j,0.005304,83.89,0.0,0.0
2025-06-12T09:53:26.711770,10.160.0.21,/system.slic,my-app_authentication.8.ps2doeep3ayo9zf75jhagczw7,0.004808,82.99,0.0,0.0
2025-06-12T09:53:26.711770,10.160.0.21,/system.slic,my-app_authentication.3.b1no8yh118rat22ohku21sxou,0.004747,87.22,0.0,0.0
2025-06-12T09:53:28.236077,10.160.0.21,/system.slic,my-app_authentication.7.10tjlk6zlunm03mtwkq7dcmfz,0.003836,84.93,0.0,0.0
2025-06-12T09:53:28.236077,10.160.0.21,/system.slic,my-app_authentication.9.0kj2agmiam5t4tb4l1eyrruyf,0.006772,82.99,0.0,0.0
